<?xml version="1.0" encoding="UTF-8"?>
<project-private xmlns="http://www.netbeans.org/ns/project-private/1">
    <editor-bookmarks xmlns="http://www.netbeans.org/ns/editor-bookmarks/2" lastBookmarkId="0"/>
    <open-files xmlns="http://www.netbeans.org/ns/projectui-open-files/2">
        <group>
            <file>file:/C:/Users/nuwal/Documents/NetBeansProjects/id3/src/id3/ID3_calculation.java</file>
            <file>file:/C:/Users/nuwal/Documents/NetBeansProjects/id3/src/id3/TreeNode.java</file>
            <file>file:/C:/Users/nuwal/Documents/NetBeansProjects/id3/src/id3/classification.java</file>
            <file>file:/C:/Users/nuwal/Documents/NetBeansProjects/id3/src/id3/Node.java</file>
            <file>file:/C:/Users/nuwal/Documents/NetBeansProjects/id3/src/id3/Id3.java</file>
            <file>file:/C:/Users/nuwal/Documents/NetBeansProjects/id3/src/id3/GenerateTree.java</file>
        </group>
    </open-files>
</project-private>
