ID,histology,protime,albumin,sgot,alkpho,bilirubin,verices,ascites,spiders,spleenpal,liverfirm,liverbig,anorexia,malaise,fatigue,antivirals,steroid,sex,age,class
X1,No,85,4.4,30,78,1.3,Yes,Yes,Yes,Yes,No,No,Yes,Yes,Yes,No,No,Male,39,Yes
X2,No,54,3.7,249,59,1,Yes,Yes,No,Yes,No,Yes,Yes,Yes,No,No,Yes,Male,32,Yes
X3,No,52,3.9,60,81,0.9,Yes,Yes,Yes,Yes,No,Yes,Yes,Yes,No,No,Yes,Male,41,Yes
X4,No,78,4.9,144,57,2.2,Yes,Yes,Yes,Yes,No,Yes,Yes,Yes,No,Yes,Yes,Male,30,Yes
X5,No,64,4.2,20,48,0.9,Yes,Yes,Yes,Yes,Yes,Yes,Yes,Yes,No,No,Yes,Female,22,Yes
X6,No,70,4.3,18,45,0.4,Yes,Yes,Yes,Yes,Yes,Yes,Yes,Yes,Yes,No,No,Female,25,Yes
X7,No,40,3.8,98,280,2.3,Yes,Yes,Yes,Yes,No,Yes,Yes,No,No,No,No,Male,39,No
X8,No,74,5,53,81,0.7,Yes,Yes,Yes,Yes,Yes,Yes,No,No,No,No,Yes,Female,41,Yes
X9,No,60,3.8,29,135,0.5,Yes,Yes,Yes,Yes,No,Yes,Yes,Yes,Yes,Yes,No,Female,26,Yes
X10,Yes,38,3.6,157,107,1.5,Yes,Yes,No,No,No,Yes,Yes,No,No,Yes,No,Male,59,No
X11,Yes,66,4.2,23,84,2,No,Yes,No,Yes,Yes,Yes,Yes,Yes,Yes,Yes,Yes,Male,47,No
X12,Yes,46,2.1,20,86,1.7,No,No,Yes,Yes,No,Yes,Yes,No,No,Yes,Yes,Male,47,No
